{"products":[{"id":"0.20377954543869325","quantity":5}],"totalPrice":29.950000000000003}